level,reason,stock_days,kernel
cell,cell,1719449,theta_wall_seconds
market_only,missing_stock_feature,163,theta_wall_seconds
stock_only,not_used,0,theta_wall_seconds
shared,not_used,0,theta_wall_seconds
cell,cell,1716428,theta_events
market_only,missing_stock_feature,3184,theta_events
stock_only,not_used,0,theta_events
shared,not_used,0,theta_events
cell,cell,1716428,theta_qty
shared,missing_stock_feature,3184,theta_qty
stock_only,not_used,0,theta_qty
market_only,not_used,0,theta_qty
cell,cell,1719449,theta_price_ticks
market_only,missing_stock_feature,163,theta_price_ticks
stock_only,not_used,0,theta_price_ticks
shared,not_used,0,theta_price_ticks
cell,cell,1719449,theta_bbo_ticks
market_only,missing_stock_feature,163,theta_bbo_ticks
stock_only,not_used,0,theta_bbo_ticks
shared,not_used,0,theta_bbo_ticks
cell,cell,1719558,theta_marketability_ticks
shared,missing_stock_feature,54,theta_marketability_ticks
stock_only,not_used,0,theta_marketability_ticks
market_only,not_used,0,theta_marketability_ticks
