kernel,level,stock_bucket,market_bucket,center_2024,center_2025,center_2026h1
theta_wall_seconds,cell,0,0,1.18,1.36,
theta_wall_seconds,cell,0,1,1.2437500000000001,1.28,1.4449999999999998
theta_wall_seconds,cell,0,2,1.255,1.29,1.33
theta_wall_seconds,cell,0,3,1.3,1.31,1.38625
theta_wall_seconds,cell,1,0,1.27,1.4000000000000001,
theta_wall_seconds,cell,1,1,1.29,1.33,1.5
theta_wall_seconds,cell,1,2,1.315,1.37,1.42
theta_wall_seconds,cell,1,3,1.365,1.3900000000000001,1.46
theta_wall_seconds,cell,2,0,1.31,1.3924999999999998,
theta_wall_seconds,cell,2,1,1.335,1.3450000000000002,1.5
theta_wall_seconds,cell,2,2,1.35,1.41,1.44
theta_wall_seconds,cell,2,3,1.4100000000000001,1.42,1.46
theta_wall_seconds,stock_only,0,-1,1.2,1.29,1.38
theta_wall_seconds,stock_only,1,-1,1.28,1.3624999999999998,1.45
theta_wall_seconds,stock_only,2,-1,1.32,1.3900000000000001,1.46
theta_wall_seconds,market_only,-1,0,1.24,1.3875,
theta_wall_seconds,market_only,-1,1,1.2825000000000002,1.33,1.49
theta_wall_seconds,market_only,-1,2,1.3199999999999998,1.375,1.415
theta_wall_seconds,market_only,-1,3,1.37,1.3900000000000001,1.45
theta_wall_seconds,shared,-1,-1,1.26,1.3675000000000002,1.44
theta_events,cell,0,0,11871.75,13980.625,
theta_events,cell,0,1,15592.0,15280.75,28808.75
theta_events,cell,0,2,19435.375,17244.0,20886.0
theta_events,cell,0,3,23540.0,19609.5,23920.125
theta_events,cell,1,0,12157.0,13889.25,
theta_events,cell,1,1,15721.25,15551.0,28778.75
theta_events,cell,1,2,19892.125,17353.0,21058.0
theta_events,cell,1,3,24280.0,19688.0,24262.5
theta_events,cell,2,0,12350.25,13545.0,
theta_events,cell,2,1,16201.0,16047.25,28402.5
theta_events,cell,2,2,21416.375,17969.0,20893.75
theta_events,cell,2,3,26093.0,20114.5,24903.25
theta_events,stock_only,0,-1,13088.875,16635.0,23377.0
theta_events,stock_only,1,-1,13412.5,16874.0,23549.25
theta_events,stock_only,2,-1,13467.0,17400.5,24405.5
theta_events,market_only,-1,0,12030.5,13787.5,
theta_events,market_only,-1,1,15971.25,15629.0,28584.25
theta_events,market_only,-1,2,20425.5,17670.5,20655.0
theta_events,market_only,-1,3,25118.0,19908.5,24529.625
theta_events,shared,-1,-1,13232.375,17055.0,23948.125
theta_qty,cell,0,0,0.08004270767353636,0.08004270767353636,0.08004270767353636
theta_qty,cell,1,0,0.0770753399136291,0.07577494906360044,0.0769610411361284
theta_qty,cell,2,0,0.07410797215372183,0.07410797215372183,0.07410797215372183
theta_qty,cell,3,0,0.07410797215372183,0.07410797215372183,0.07410797215372183
theta_qty,cell,4,0,0.07022591773454823,0.06899287148695142,0.06899287148695142
theta_qty,cell,5,0,0.06453852113757116,0.06453852113757116,0.06453852113757116
theta_qty,stock_only,0,-1,0.08004270767353636,0.08004270767353636,0.08004270767353636
theta_qty,stock_only,1,-1,0.0770753399136291,0.07577494906360044,0.0769610411361284
theta_qty,stock_only,2,-1,0.07410797215372183,0.07410797215372183,0.07410797215372183
theta_qty,stock_only,3,-1,0.07410797215372183,0.07410797215372183,0.07410797215372183
theta_qty,stock_only,4,-1,0.07022591773454823,0.06899287148695142,0.06899287148695142
theta_qty,stock_only,5,-1,0.06453852113757116,0.06453852113757116,0.06453852113757116
theta_qty,market_only,-1,0,0.07410797215372183,0.07257069283483537,0.07410797215372183
theta_qty,shared,-1,-1,0.07410797215372183,0.07257069283483537,0.07410797215372183
theta_price_ticks,cell,0,0,1.0,1.0,
theta_price_ticks,cell,0,1,1.0,1.0,1.0
theta_price_ticks,cell,0,2,1.0,1.0,1.0
theta_price_ticks,cell,1,0,2.0,2.0,
theta_price_ticks,cell,1,1,2.0,2.0,2.0
theta_price_ticks,cell,1,2,2.0,2.0,2.0
theta_price_ticks,cell,2,0,2.0,2.0,
theta_price_ticks,cell,2,1,2.0,2.0,2.0
theta_price_ticks,cell,2,2,2.0,2.0,2.0
theta_price_ticks,cell,3,0,3.0,3.0,
theta_price_ticks,cell,3,1,3.0,3.0,3.0
theta_price_ticks,cell,3,2,3.0,3.0,3.0
theta_price_ticks,cell,4,0,3.0,3.0,
theta_price_ticks,cell,4,1,3.25,3.0,4.0
theta_price_ticks,cell,4,2,3.0,3.25,4.0
theta_price_ticks,cell,5,0,4.0,4.0,
theta_price_ticks,cell,5,1,4.0,4.0,5.0
theta_price_ticks,cell,5,2,4.0,4.0,5.0
theta_price_ticks,cell,6,0,5.0,5.0,
theta_price_ticks,cell,6,1,5.0,6.0,6.5
theta_price_ticks,cell,6,2,5.0,6.0,6.0
theta_price_ticks,cell,7,0,7.0,7.0,
theta_price_ticks,cell,7,1,7.0,7.0,8.0
theta_price_ticks,cell,7,2,7.0,8.0,8.0
theta_price_ticks,cell,8,0,10.0,10.0,
theta_price_ticks,cell,8,1,10.0,10.0,11.0
theta_price_ticks,cell,8,2,9.5,10.0,11.0
theta_price_ticks,cell,9,0,13.0,13.0,
theta_price_ticks,cell,9,1,13.5,13.0,15.75
theta_price_ticks,cell,9,2,14.0,14.0,15.0
theta_price_ticks,cell,10,0,19.0,20.0,
theta_price_ticks,cell,10,1,19.0,19.0,20.625
theta_price_ticks,cell,10,2,20.0,19.75,21.0
theta_price_ticks,cell,11,0,32.5,32.25,
theta_price_ticks,cell,11,1,38.25,36.0,43.75
theta_price_ticks,cell,11,2,38.75,38.0,45.0
theta_price_ticks,stock_only,0,-1,1.0,1.0,1.0
theta_price_ticks,stock_only,1,-1,2.0,2.0,2.0
theta_price_ticks,stock_only,2,-1,2.0,2.0,2.0
theta_price_ticks,stock_only,3,-1,3.0,3.0,3.0
theta_price_ticks,stock_only,4,-1,3.0,3.0,4.0
theta_price_ticks,stock_only,5,-1,4.0,4.0,5.0
theta_price_ticks,stock_only,6,-1,5.0,6.0,6.0
theta_price_ticks,stock_only,7,-1,7.0,7.0,8.0
theta_price_ticks,stock_only,8,-1,10.0,10.0,11.0
theta_price_ticks,stock_only,9,-1,13.0,13.5,15.0
theta_price_ticks,stock_only,10,-1,19.0,19.0,21.0
theta_price_ticks,stock_only,11,-1,34.0,36.0,44.75
theta_price_ticks,market_only,-1,0,3.0,4.0,
theta_price_ticks,market_only,-1,1,4.0,4.0,4.0
theta_price_ticks,market_only,-1,2,4.0,4.0,4.0
theta_price_ticks,shared,-1,-1,3.0,4.0,4.0
theta_bbo_ticks,cell,0,0,1.0,1.0,1.0
theta_bbo_ticks,cell,0,1,1.0,1.0,1.0
theta_bbo_ticks,cell,1,0,1.0,1.0,2.0
theta_bbo_ticks,cell,1,1,1.0,1.0,1.0
theta_bbo_ticks,cell,2,0,2.0,2.0,2.0
theta_bbo_ticks,cell,2,1,2.0,2.0,2.0
theta_bbo_ticks,cell,3,0,2.0,2.0,2.0
theta_bbo_ticks,cell,3,1,2.0,2.0,2.0
theta_bbo_ticks,cell,4,0,3.0,3.0,3.0
theta_bbo_ticks,cell,4,1,3.0,3.0,3.0
theta_bbo_ticks,cell,5,0,4.0,4.0,4.0
theta_bbo_ticks,cell,5,1,4.0,4.0,4.0
theta_bbo_ticks,cell,6,0,5.0,5.0,5.0
theta_bbo_ticks,cell,6,1,5.0,5.0,5.0
theta_bbo_ticks,cell,7,0,8.0,6.5,7.0
theta_bbo_ticks,cell,7,1,7.0,7.0,7.0
theta_bbo_ticks,cell,8,0,10.0,9.0,9.0
theta_bbo_ticks,cell,8,1,10.0,9.0,10.0
theta_bbo_ticks,cell,9,0,14.0,12.0,14.0
theta_bbo_ticks,cell,9,1,14.0,12.0,12.5
theta_bbo_ticks,cell,10,0,18.0,17.0,16.0
theta_bbo_ticks,cell,10,1,18.0,17.75,18.0
theta_bbo_ticks,cell,11,0,30.5,30.0,40.0
theta_bbo_ticks,cell,11,1,35.0,34.0,37.5
theta_bbo_ticks,stock_only,0,-1,1.0,1.0,1.0
theta_bbo_ticks,stock_only,1,-1,1.0,1.0,1.0
theta_bbo_ticks,stock_only,2,-1,2.0,2.0,2.0
theta_bbo_ticks,stock_only,3,-1,2.0,2.0,2.0
theta_bbo_ticks,stock_only,4,-1,3.0,3.0,3.0
theta_bbo_ticks,stock_only,5,-1,4.0,4.0,4.0
theta_bbo_ticks,stock_only,6,-1,5.0,5.0,5.0
theta_bbo_ticks,stock_only,7,-1,8.0,7.0,7.0
theta_bbo_ticks,stock_only,8,-1,10.0,9.0,9.75
theta_bbo_ticks,stock_only,9,-1,14.0,12.0,12.5
theta_bbo_ticks,stock_only,10,-1,18.0,17.5,18.0
theta_bbo_ticks,stock_only,11,-1,31.25,32.0,37.75
theta_bbo_ticks,market_only,-1,0,2.0,2.0,3.0
theta_bbo_ticks,market_only,-1,1,3.0,3.0,3.0
theta_bbo_ticks,shared,-1,-1,2.0,3.0,3.0
theta_marketability_ticks,cell,0,0,1.0,1.0,1.0
theta_marketability_ticks,cell,1,0,1.75,1.0,1.0
theta_marketability_ticks,cell,2,0,3.0,2.0,2.0
theta_marketability_ticks,cell,3,0,6.0,5.0,5.0
theta_marketability_ticks,stock_only,0,-1,1.0,1.0,1.0
theta_marketability_ticks,stock_only,1,-1,1.75,1.0,1.0
theta_marketability_ticks,stock_only,2,-1,3.0,2.0,2.0
theta_marketability_ticks,stock_only,3,-1,6.0,5.0,5.0
theta_marketability_ticks,market_only,-1,0,2.0,2.0,2.0
theta_marketability_ticks,shared,-1,-1,2.0,2.0,2.0
