stock_bucket,m,precheck_m,kernel,exact_required,difference,passed
0,16694.75,16694.75,theta_events,True,0.0,True
1,16928.0,16928.0,theta_events,True,0.0,True
2,17553.0,17553.0,theta_events,True,0.0,True
0,0.08004270767353636,0.08004270767353636,theta_qty,True,0.0,True
1,0.0769610411361284,0.0769610411361284,theta_qty,True,0.0,True
2,0.07410797215372183,0.07410797215372183,theta_qty,True,0.0,True
3,0.07410797215372183,0.07410797215372183,theta_qty,True,0.0,True
4,0.06899287148695142,0.06899287148695142,theta_qty,True,0.0,True
5,0.06453852113757116,0.06453852113757116,theta_qty,True,0.0,True
0,1.0,1.0,theta_marketability_ticks,True,0.0,True
1,1.0,1.0,theta_marketability_ticks,True,0.0,True
2,2.0,2.0,theta_marketability_ticks,True,0.0,True
3,5.0,5.0,theta_marketability_ticks,True,0.0,True
0,1.27,1.27,theta_wall_seconds,False,0.0,True
1,1.3399999999999999,1.3399999999999999,theta_wall_seconds,False,0.0,True
2,1.37,1.37,theta_wall_seconds,False,0.0,True
0,1.0,1.0,theta_price_ticks,False,0.0,True
1,2.0,2.0,theta_price_ticks,False,0.0,True
2,2.0,2.0,theta_price_ticks,False,0.0,True
3,3.0,3.0,theta_price_ticks,False,0.0,True
4,3.0,3.0,theta_price_ticks,False,0.0,True
5,4.0,4.0,theta_price_ticks,False,0.0,True
6,6.0,6.0,theta_price_ticks,False,0.0,True
7,7.0,7.0,theta_price_ticks,False,0.0,True
8,10.0,10.0,theta_price_ticks,False,0.0,True
9,14.0,14.0,theta_price_ticks,False,0.0,True
10,19.5,19.5,theta_price_ticks,False,0.0,True
11,37.0,36.5,theta_price_ticks,False,0.5,False
0,1.0,1.0,theta_bbo_ticks,False,0.0,True
1,1.0,1.0,theta_bbo_ticks,False,0.0,True
2,2.0,2.0,theta_bbo_ticks,False,0.0,True
3,2.0,2.0,theta_bbo_ticks,False,0.0,True
4,3.0,3.0,theta_bbo_ticks,False,0.0,True
5,4.0,4.0,theta_bbo_ticks,False,0.0,True
6,5.0,5.0,theta_bbo_ticks,False,0.0,True
7,7.0,7.0,theta_bbo_ticks,False,0.0,True
8,10.0,10.0,theta_bbo_ticks,False,0.0,True
9,13.0,13.0,theta_bbo_ticks,False,0.0,True
10,18.0,18.0,theta_bbo_ticks,False,0.0,True
11,33.0,33.0,theta_bbo_ticks,False,0.0,True
