kernel,level,stock_bucket,market_bucket,m,theta,days,stock_days,stocks_per_day_median,stocks_per_day_min,positive_pairs,center_2024,center_2025,center_2026h1,low_support
theta_wall_seconds,cell,0,0,1.18,1.7023801482489769,151,186341,1241.0,727,339767235,1.18,1.36,,False
theta_wall_seconds,cell,0,1,1.27,1.8322227019289836,150,137820,840.0,572,289959592,1.2437500000000001,1.28,1.4449999999999998,False
theta_wall_seconds,cell,0,2,1.29,1.861076602746763,150,112881,732.5,539,333283579,1.255,1.29,1.33,False
theta_wall_seconds,cell,0,3,1.35,1.9476383052001007,150,122388,794.0,597,402315499,1.3,1.31,1.38625,False
theta_wall_seconds,cell,1,0,1.27,1.8322227019289836,151,141857,942.0,768,445461132,1.27,1.4000000000000001,,False
theta_wall_seconds,cell,1,1,1.3199999999999998,1.9043574539734316,150,151480,1029.5,757,696764553,1.29,1.33,1.5,False
theta_wall_seconds,cell,1,2,1.36375,1.967475362012324,150,150305,999.0,884,915311879,1.315,1.37,1.42,False
theta_wall_seconds,cell,1,3,1.4249999999999998,2.0558404332667726,150,138989,929.5,781,1140462709,1.365,1.3900000000000001,1.46,False
theta_wall_seconds,cell,2,0,1.31,1.8899305035645422,151,97058,619.0,477,965559599,1.31,1.3924999999999998,,False
theta_wall_seconds,cell,2,1,1.34,1.933211354791211,150,136546,948.5,398,2206824216,1.335,1.3450000000000002,1.5,False
theta_wall_seconds,cell,2,2,1.4074999999999998,2.0305932700512157,150,164582,1133.0,547,4702711786,1.35,1.41,1.44,False
theta_wall_seconds,cell,2,3,1.44,2.0774808588801075,150,168149,1094.5,759,9128653142,1.4100000000000001,1.42,1.46,False
theta_wall_seconds,stock_only,0,-1,1.27,1.8322227019289836,601,559430,867.0,539,1365325905,1.2,1.29,1.38,False
theta_wall_seconds,stock_only,1,-1,1.3399999999999999,1.9332113547912109,601,582631,961.0,757,3198000273,1.28,1.3624999999999998,1.45,False
theta_wall_seconds,stock_only,2,-1,1.37,1.97649220601788,601,566335,981.0,398,17003748743,1.32,1.3900000000000001,1.46,False
theta_wall_seconds,market_only,-1,0,1.25,1.8033688011112043,151,425279,2814.0,2801,1773986540,1.24,1.3875,,False
theta_wall_seconds,market_only,-1,1,1.31,1.8899305035645422,150,425882,2842.0,2784,3289461869,1.2825000000000002,1.33,1.49,False
theta_wall_seconds,market_only,-1,2,1.37,1.97649220601788,150,427800,2855.5,2818,6208909159,1.3199999999999998,1.375,1.415,False
theta_wall_seconds,market_only,-1,3,1.42,2.048626958062328,150,429541,2869.0,2788,10761986323,1.37,1.3900000000000001,1.45,False
theta_wall_seconds,shared,-1,-1,1.34,1.933211354791211,601,1708502,2844.0,2784,22034343891,1.26,1.3675000000000002,1.44,False
theta_events,cell,0,0,11918.0,17194.039497314665,151,186299,1192.0,811,240097690,11871.75,13980.625,,False
theta_events,cell,0,1,15489.0,22345.903488329153,150,136917,910.0,691,207178319,15592.0,15280.75,28808.75,False
theta_events,cell,0,2,18078.125,26081.22128607079,150,120694,796.0,530,180425271,19435.375,17244.0,20886.0,False
theta_events,cell,0,3,22703.5,32754.226860822582,150,110551,723.5,512,207473585,23540.0,19609.5,23920.125,False
theta_events,cell,1,0,12250.0,17673.014250889802,151,148918,1005.0,819,475173039,12157.0,13889.25,,False
theta_events,cell,1,1,15567.0,22458.433701518494,150,150288,1010.5,831,540874056,15721.25,15551.0,28778.75,False
theta_events,cell,1,2,18043.125,26030.72695963968,150,140030,923.0,850,542246750,19892.125,17353.0,21058.0,False
theta_events,cell,1,3,23066.75,33278.2858344255,150,136433,903.5,827,605698408,24280.0,19688.0,24262.5,False
theta_events,cell,2,0,12421.25,17920.075776642036,151,89759,571.0,423,1069383155,12350.25,13545.0,,False
theta_events,cell,2,1,16133.0,23274.99909466165,150,138312,906.5,473,2469652749,16201.0,16047.25,28402.5,False
theta_events,cell,2,2,18726.125,27016.087672566842,150,166824,1106.0,556,5261967795,21416.375,17969.0,20893.75,False
theta_events,cell,2,3,24210.125,34927.827276801916,150,182313,1245.0,588,9905578367,26093.0,20114.5,24903.25,False
theta_events,stock_only,0,-1,16694.75,24085.43303388102,601,554461,864.0,512,835174865,13088.875,16635.0,23377.0,False
theta_events,stock_only,1,-1,16928.0,24421.941652168374,601,575669,938.0,819,2163992253,13412.5,16874.0,23549.25,False
theta_events,stock_only,2,-1,17553.0,25323.626052723976,601,577208,1023.0,423,18706582066,13467.0,17400.5,24405.5,False
theta_events,market_only,-1,0,12134.5,17506.38297366713,151,425329,2814.0,2801,1815205009,12030.5,13787.5,,False
theta_events,market_only,-1,1,15805.125,22801.97545813018,150,425913,2842.0,2784,3335340034,15971.25,15629.0,28584.25,False
theta_events,market_only,-1,2,18394.75,26538.01460339226,150,427842,2856.0,2818,6273137777,20425.5,17670.5,20655.0,False
theta_events,market_only,-1,3,23714.625,34212.971884041435,150,429575,2869.5,2788,10871680672,25118.0,19908.5,24529.625,False
theta_events,shared,-1,-1,17180.0,24785.500802472394,601,1708659,2845.0,2784,22295363492,13232.375,17055.0,23948.125,False
theta_qty,cell,0,0,0.08004270767353636,0.11547721741993588,601,240820,385.0,154,30912222,0.08004270767353636,0.08004270767353636,0.08004270767353636,False
theta_qty,cell,1,0,0.0769610411361284,0.11103131238874395,601,274423,459.0,330,67578802,0.0770753399136291,0.07577494906360044,0.0769610411361284,False
theta_qty,cell,2,0,0.07410797215372183,0.1069152039165119,601,284033,472.0,401,126476395,0.07410797215372183,0.07410797215372183,0.07410797215372183,False
theta_qty,cell,3,0,0.07410797215372183,0.1069152039165119,601,290370,476.0,399,220703357,0.07410797215372183,0.07410797215372183,0.07410797215372183,False
theta_qty,cell,4,0,0.06899287148695142,0.09953567355091437,601,291702,488.0,320,383447005,0.07022591773454823,0.06899287148695142,0.06899287148695142,False
theta_qty,cell,5,0,0.06453852113757116,0.09310940439148147,601,262640,425.0,244,640559818,0.06453852113757116,0.06453852113757116,0.06453852113757116,False
theta_qty,stock_only,0,-1,0.08004270767353636,0.11547721741993588,601,240820,385.0,154,30912222,0.08004270767353636,0.08004270767353636,0.08004270767353636,False
theta_qty,stock_only,1,-1,0.0769610411361284,0.11103131238874395,601,274423,459.0,330,67578802,0.0770753399136291,0.07577494906360044,0.0769610411361284,False
theta_qty,stock_only,2,-1,0.07410797215372183,0.1069152039165119,601,284033,472.0,401,126476395,0.07410797215372183,0.07410797215372183,0.07410797215372183,False
theta_qty,stock_only,3,-1,0.07410797215372183,0.1069152039165119,601,290370,476.0,399,220703357,0.07410797215372183,0.07410797215372183,0.07410797215372183,False
theta_qty,stock_only,4,-1,0.06899287148695142,0.09953567355091437,601,291702,488.0,320,383447005,0.07022591773454823,0.06899287148695142,0.06899287148695142,False
theta_qty,stock_only,5,-1,0.06453852113757116,0.09310940439148147,601,262640,425.0,244,640559818,0.06453852113757116,0.06453852113757116,0.06453852113757116,False
theta_qty,market_only,-1,0,0.07410797215372183,0.1069152039165119,601,1645280,2754.0,2444,1473951011,0.07410797215372183,0.07257069283483537,0.07410797215372183,False
theta_qty,shared,-1,-1,0.07410797215372183,0.1069152039165119,601,1645280,2754.0,2444,1473951011,0.07410797215372183,0.07257069283483537,0.07410797215372183,False
theta_price_ticks,cell,0,0,1.0,1.4426950408889634,201,51443,242.0,81,53379551,1.0,1.0,,False
theta_price_ticks,cell,0,1,1.0,1.4426950408889634,200,30732,159.0,69,21927430,1.0,1.0,1.0,False
theta_price_ticks,cell,0,2,1.0,1.4426950408889634,200,30031,156.0,75,24179468,1.0,1.0,1.0,False
theta_price_ticks,cell,1,0,2.0,2.8853900817779268,201,78464,404.0,261,81406822,2.0,2.0,,False
theta_price_ticks,cell,1,1,2.0,2.8853900817779268,200,59936,295.0,242,62284468,2.0,2.0,2.0,False
theta_price_ticks,cell,1,2,2.0,2.8853900817779268,200,55774,271.0,235,77801984,2.0,2.0,2.0,False
theta_price_ticks,cell,2,0,2.0,2.8853900817779268,201,81685,407.0,340,112747325,2.0,2.0,,False
theta_price_ticks,cell,2,1,2.0,2.8853900817779268,200,71980,358.5,272,146035537,2.0,2.0,2.0,False
theta_price_ticks,cell,2,2,2.0,2.8853900817779268,200,64680,322.5,256,196318905,2.0,2.0,2.0,False
theta_price_ticks,cell,3,0,3.0,4.328085122666891,201,75136,372.0,327,146765783,3.0,3.0,,False
theta_price_ticks,cell,3,1,3.0,4.328085122666891,200,73377,366.5,291,267973350,3.0,3.0,3.0,False
theta_price_ticks,cell,3,2,3.0,4.328085122666891,200,68172,337.0,275,369225651,3.0,3.0,3.0,False
theta_price_ticks,cell,4,0,3.0,4.328085122666891,201,72900,361.0,327,186545008,3.0,3.0,,False
theta_price_ticks,cell,4,1,3.0,4.328085122666891,200,74096,372.0,323,325713418,3.25,3.0,4.0,False
theta_price_ticks,cell,4,2,4.0,5.7707801635558535,200,70681,354.0,301,486622875,3.0,3.25,4.0,False
theta_price_ticks,cell,5,0,4.0,5.7707801635558535,201,68949,336.0,293,225629100,4.0,4.0,,False
theta_price_ticks,cell,5,1,4.0,5.7707801635558535,200,73850,372.0,319,467559212,4.0,4.0,5.0,False
theta_price_ticks,cell,5,2,5.0,7.213475204444817,200,70629,352.5,306,607969848,4.0,4.0,5.0,False
theta_price_ticks,cell,6,0,5.0,7.213475204444817,201,55844,279.0,213,245456414,5.0,5.0,,False
theta_price_ticks,cell,6,1,6.0,8.656170245333781,200,64357,323.0,241,549439411,5.0,6.0,6.5,False
theta_price_ticks,cell,6,2,6.0,8.656170245333781,200,64005,319.0,279,881289179,5.0,6.0,6.0,False
theta_price_ticks,cell,7,0,7.0,10.098865286222745,201,37605,180.0,132,191738444,7.0,7.0,,False
theta_price_ticks,cell,7,1,7.0,10.098865286222745,200,48490,248.5,124,528096861,7.0,7.0,8.0,False
theta_price_ticks,cell,7,2,8.0,11.541560327111707,200,51724,259.5,200,1167463591,7.0,8.0,8.0,False
theta_price_ticks,cell,8,0,10.0,14.426950408889635,201,23142,112.0,67,186350654,10.0,10.0,,False
theta_price_ticks,cell,8,1,10.0,14.426950408889635,200,33807,170.5,77,583332234,10.0,10.0,11.0,False
theta_price_ticks,cell,8,2,11.0,15.869645449778599,200,38826,196.0,122,1424196325,9.5,10.0,11.0,False
theta_price_ticks,cell,9,0,13.0,18.755035531556526,201,11682,59.0,18,143742626,13.0,13.0,,False
theta_price_ticks,cell,9,1,13.25,19.115709291778767,200,18782,95.5,25,442919820,13.5,13.0,15.75,False
theta_price_ticks,cell,9,2,14.25,20.558404332667727,200,24499,123.5,65,1298277752,14.0,14.0,15.0,False
theta_price_ticks,cell,10,0,19.0,27.411205776890306,201,4468,21.0,5,68861303,19.0,20.0,,False
theta_price_ticks,cell,10,1,19.0,27.411205776890306,200,9514,48.0,7,258933468,19.0,19.0,20.625,False
theta_price_ticks,cell,10,2,20.0,28.85390081777927,200,13752,69.0,27,722008605,20.0,19.75,21.0,False
theta_price_ticks,cell,11,0,32.5,46.88758882889131,201,3678,16.0,4,114550433,32.5,32.25,,True
theta_price_ticks,cell,11,1,36.25,52.297695232224925,200,8762,41.0,8,535730197,38.25,36.0,43.75,False
theta_price_ticks,cell,11,2,41.0,59.1504966764475,200,17695,86.5,13,2137827857,38.75,38.0,45.0,False
theta_price_ticks,stock_only,0,-1,1.0,1.4426950408889634,601,112206,162.0,69,99486449,1.0,1.0,1.0,False
theta_price_ticks,stock_only,1,-1,2.0,2.8853900817779268,601,194174,306.0,235,221493274,2.0,2.0,2.0,False
theta_price_ticks,stock_only,2,-1,2.0,2.8853900817779268,601,218345,365.0,256,455101767,2.0,2.0,2.0,False
theta_price_ticks,stock_only,3,-1,3.0,4.328085122666891,601,216685,363.0,275,783964784,3.0,3.0,3.0,False
theta_price_ticks,stock_only,4,-1,3.0,4.328085122666891,601,217677,364.0,301,998881301,3.0,3.0,4.0,False
theta_price_ticks,stock_only,5,-1,4.0,5.7707801635558535,601,213428,356.0,293,1301158160,4.0,4.0,5.0,False
theta_price_ticks,stock_only,6,-1,6.0,8.656170245333781,601,184206,312.0,213,1676185004,5.0,6.0,6.0,False
theta_price_ticks,stock_only,7,-1,7.0,10.098865286222745,601,137819,238.0,124,1887298896,7.0,7.0,8.0,False
theta_price_ticks,stock_only,8,-1,10.0,14.426950408889635,601,95775,163.0,67,2193879213,10.0,10.0,11.0,False
theta_price_ticks,stock_only,9,-1,14.0,20.19773057244549,601,54963,93.0,18,1884940198,13.0,13.5,15.0,False
theta_price_ticks,stock_only,10,-1,19.5,28.132553297334788,601,27734,47.0,5,1049803376,19.0,19.0,21.0,False
theta_price_ticks,stock_only,11,-1,37.0,53.37971651289165,601,30135,39.0,4,2788108487,34.0,36.0,44.75,True
theta_price_ticks,market_only,-1,0,3.0,4.328085122666891,201,565031,2809.0,2778,1805150348,3.0,4.0,,False
theta_price_ticks,market_only,-1,1,4.0,5.7707801635558535,200,567724,2840.0,2769,4341122817,4.0,4.0,4.0,False
theta_price_ticks,market_only,-1,2,4.0,5.7707801635558535,200,570498,2857.0,2679,9572475561,4.0,4.0,4.0,False
theta_price_ticks,shared,-1,-1,4.0,5.7707801635558535,601,1703253,2836.0,2679,15718748726,3.0,4.0,4.0,False
theta_bbo_ticks,cell,0,0,1.0,1.4426950408889634,301,128517,399.0,229,170830955,1.0,1.0,1.0,False
theta_bbo_ticks,cell,0,1,1.0,1.4426950408889634,300,104406,344.5,252,166166727,1.0,1.0,1.0,False
theta_bbo_ticks,cell,1,0,1.0,1.4426950408889634,301,145671,498.0,307,294201303,1.0,1.0,2.0,False
theta_bbo_ticks,cell,1,1,1.0,1.4426950408889634,300,107984,340.0,274,519708325,1.0,1.0,1.0,False
theta_bbo_ticks,cell,2,0,2.0,2.8853900817779268,301,101732,339.0,285,293667512,2.0,2.0,2.0,False
theta_bbo_ticks,cell,2,1,2.0,2.8853900817779268,300,90516,298.0,263,501826886,2.0,2.0,2.0,False
theta_bbo_ticks,cell,3,0,2.0,2.8853900817779268,301,104314,347.0,311,359027487,2.0,2.0,2.0,False
theta_bbo_ticks,cell,3,1,2.0,2.8853900817779268,300,101639,336.0,302,724054549,2.0,2.0,2.0,False
theta_bbo_ticks,cell,4,0,3.0,4.328085122666891,301,102409,347.0,288,433486965,3.0,3.0,3.0,False
theta_bbo_ticks,cell,4,1,3.0,4.328085122666891,300,102278,342.0,294,913376498,3.0,3.0,3.0,False
theta_bbo_ticks,cell,5,0,4.0,5.7707801635558535,301,89613,294.0,244,449211810,4.0,4.0,4.0,False
theta_bbo_ticks,cell,5,1,4.0,5.7707801635558535,300,95045,319.0,256,1411103392,4.0,4.0,4.0,False
theta_bbo_ticks,cell,6,0,5.0,7.213475204444817,301,72187,243.0,179,461779435,5.0,5.0,5.0,False
theta_bbo_ticks,cell,6,1,5.0,7.213475204444817,300,82894,277.0,212,1422477118,5.0,5.0,5.0,False
theta_bbo_ticks,cell,7,0,7.0,10.098865286222745,301,48619,165.0,99,368501870,8.0,6.5,7.0,False
theta_bbo_ticks,cell,7,1,7.0,10.098865286222745,300,63294,217.0,138,1555303321,7.0,7.0,7.0,False
theta_bbo_ticks,cell,8,0,10.0,14.426950408889635,301,28729,92.0,30,306903094,10.0,9.0,9.0,False
theta_bbo_ticks,cell,8,1,9.0,12.984255368000671,300,44798,155.0,55,1409479743,10.0,9.0,10.0,False
theta_bbo_ticks,cell,9,0,13.0,18.755035531556526,301,13529,47.0,16,171670784,14.0,12.0,14.0,False
theta_bbo_ticks,cell,9,1,13.0,18.755035531556526,300,26551,88.0,24,1166792212,14.0,12.0,12.5,False
theta_bbo_ticks,cell,10,0,18.0,25.968510736001342,301,6881,19.0,6,150302931,18.0,17.0,16.0,False
theta_bbo_ticks,cell,10,1,18.0,25.968510736001342,300,15407,48.5,11,797198305,18.0,17.75,18.0,False
theta_bbo_ticks,cell,11,0,30.0,43.2808512266689,301,6848,20.0,7,250024119,30.5,30.0,40.0,False
theta_bbo_ticks,cell,11,1,36.0,51.937021472002684,300,20381,66.0,14,2251905916,35.0,34.0,37.5,False
theta_bbo_ticks,stock_only,0,-1,1.0,1.4426950408889634,601,232923,366.0,229,336997682,1.0,1.0,1.0,False
theta_bbo_ticks,stock_only,1,-1,1.0,1.4426950408889634,601,253655,410.0,274,813909628,1.0,1.0,1.0,False
theta_bbo_ticks,stock_only,2,-1,2.0,2.8853900817779268,601,192248,316.0,263,795494398,2.0,2.0,2.0,False
theta_bbo_ticks,stock_only,3,-1,2.0,2.8853900817779268,601,205953,343.0,302,1083082036,2.0,2.0,2.0,False
theta_bbo_ticks,stock_only,4,-1,3.0,4.328085122666891,601,204687,344.0,288,1346863463,3.0,3.0,3.0,False
theta_bbo_ticks,stock_only,5,-1,4.0,5.7707801635558535,601,184658,312.0,244,1860315202,4.0,4.0,4.0,False
theta_bbo_ticks,stock_only,6,-1,5.0,7.213475204444817,601,155081,262.0,179,1884256553,5.0,5.0,5.0,False
theta_bbo_ticks,stock_only,7,-1,7.0,10.098865286222745,601,111913,187.0,99,1923805191,8.0,7.0,7.0,False
theta_bbo_ticks,stock_only,8,-1,10.0,14.426950408889635,601,73527,129.0,30,1716382837,10.0,9.0,9.75,False
theta_bbo_ticks,stock_only,9,-1,13.0,18.755035531556526,601,40080,66.0,16,1338462996,14.0,12.0,12.5,False
theta_bbo_ticks,stock_only,10,-1,18.0,25.968510736001342,601,22288,36.0,6,947501236,18.0,17.5,18.0,False
theta_bbo_ticks,stock_only,11,-1,33.0,47.60893634933579,601,27229,33.0,7,2501930035,31.25,32.0,37.75,False
theta_bbo_ticks,market_only,-1,0,2.0,2.8853900817779268,301,849108,2820.0,2771,3808217983,2.0,2.0,3.0,False
theta_bbo_ticks,market_only,-1,1,3.0,4.328085122666891,300,855240,2855.0,2681,13133211078,3.0,3.0,3.0,False
theta_bbo_ticks,shared,-1,-1,3.0,4.328085122666891,601,1704348,2838.0,2681,16941429061,2.0,3.0,3.0,False
theta_marketability_ticks,cell,0,0,1.0,1.4426950408889634,601,29126,41.0,5,362267,1.0,1.0,1.0,False
theta_marketability_ticks,cell,1,0,1.0,1.4426950408889634,601,50673,71.0,11,710894,1.75,1.0,1.0,False
theta_marketability_ticks,cell,2,0,2.0,2.8853900817779268,601,61301,87.0,15,1145551,3.0,2.0,2.0,False
theta_marketability_ticks,cell,3,0,5.0,7.213475204444817,601,76236,97.0,14,2267199,6.0,5.0,5.0,False
theta_marketability_ticks,stock_only,0,-1,1.0,1.4426950408889634,601,29126,41.0,5,362267,1.0,1.0,1.0,False
theta_marketability_ticks,stock_only,1,-1,1.0,1.4426950408889634,601,50673,71.0,11,710894,1.75,1.0,1.0,False
theta_marketability_ticks,stock_only,2,-1,2.0,2.8853900817779268,601,61301,87.0,15,1145551,3.0,2.0,2.0,False
theta_marketability_ticks,stock_only,3,-1,5.0,7.213475204444817,601,76236,97.0,14,2267199,6.0,5.0,5.0,False
theta_marketability_ticks,market_only,-1,0,2.0,2.8853900817779268,601,217336,314.0,72,4485911,2.0,2.0,2.0,False
theta_marketability_ticks,shared,-1,-1,2.0,2.8853900817779268,601,217336,314.0,72,4485911,2.0,2.0,2.0,False
