kernel,scenario,stock_equal_mean_abs_log_error,positive_stock_days,stocks
theta_wall_seconds,shared,0.2576819410773402,1708502,2945
theta_wall_seconds,stock_only,0.2551498658177925,1708502,2945
theta_wall_seconds,market_only,0.2528104946303001,1708502,2945
theta_wall_seconds,full,0.25105409951825197,1708502,2945
theta_events,shared,0.42491498195832583,1708659,2945
theta_events,stock_only,0.42259156719145224,1708659,2945
theta_events,market_only,0.362018759426759,1708659,2945
theta_events,full,0.36148746292575346,1708659,2945
theta_qty,shared,0.1504410498357885,1645280,2945
theta_qty,stock_only,0.13894939048113167,1645280,2945
theta_qty,market_only,0.1504410498357885,1645280,2945
theta_qty,full,0.13894939048113167,1645280,2945
theta_price_ticks,shared,0.7225768650562047,1703253,2945
theta_price_ticks,stock_only,0.41128108120359025,1703253,2945
theta_price_ticks,market_only,0.7069151551082332,1703253,2945
theta_price_ticks,full,0.4093063084429003,1703253,2945
theta_bbo_ticks,shared,0.7664657994629653,1704348,2945
theta_bbo_ticks,stock_only,0.3929033546896954,1704348,2945
theta_bbo_ticks,market_only,0.7500057716789527,1704348,2945
theta_bbo_ticks,full,0.39286931769965416,1704348,2945
theta_marketability_ticks,shared,0.8843719431544381,217336,2923
theta_marketability_ticks,stock_only,0.6895876200013352,217336,2923
theta_marketability_ticks,market_only,0.8843719431544381,217336,2923
theta_marketability_ticks,full,0.6895876200013352,217336,2923
