model,kernel,feature,coefficient,standardized_coefficient,train_mean,train_std,fit_seconds,peak_rss_bytes,train_stock_days,train_stocks
activity_slim,theta_wall_seconds,rq_size,0.0045462349588194185,0.004141103405432168,-1.8229854779449577,0.9108863582597463,922.2780908923596,6271000576,1708396,2945
activity_slim,theta_wall_seconds,rq_one_month_share_turnover,0.033573845579972166,0.0324293897349754,1.1033719022355166,0.9659122800731691,922.2780908923596,6271000576,1708396,2945
activity_slim,theta_wall_seconds,rq_daily_standard_deviation,-0.01699712678932066,-0.01780079457055336,0.6856136477504469,1.047282566706371,922.2780908923596,6271000576,1708396,2945
activity_slim,theta_wall_seconds,log_prev_close,0.03237143453623188,0.02942154660964978,2.572639505636094,0.9088737348577979,922.2780908923596,6271000576,1708396,2945
activity_slim,theta_wall_seconds,intercept,0.18955564553972293,0.2899389323361246,0.0,1.0,922.2780908923596,6271000576,1708396,2945
price_slim,theta_price_ticks,log_prev_close,0.13378449571650622,0.12140157772324742,2.5751491480208752,0.9074413075525686,366.75249998271465,6771068928,1703147,2945
price_slim,theta_price_ticks,log_price_above_5,0.6398038102340018,0.5224095246761675,1.0244951522550585,0.8165151821854602,366.75249998271465,6771068928,1703147,2945
price_slim,theta_price_ticks,log_specific_risk,0.3362378589421591,0.1447325677373835,-1.1256638915203485,0.4304469704652769,366.75249998271465,6771068928,1703147,2945
price_slim,theta_price_ticks,rq_daily_standard_deviation,0.04166494040480261,0.04361493304155076,0.6843589510436849,1.0468017622922934,366.75249998271465,6771068928,1703147,2945
price_slim,theta_price_ticks,rq_one_month_share_turnover,0.07540786594124634,0.07278688383186656,1.1035054238328863,0.9652425900578874,366.75249998271465,6771068928,1703147,2945
price_slim,theta_price_ticks,intercept,0.6129134013721103,1.34614028071718,0.0,1.0,366.75249998271465,6771068928,1703147,2945
bbo_slim,theta_bbo_ticks,log_prev_close,-0.09266912009101191,-0.0841379591954056,2.574311082462165,0.9079395500116143,706.0616686297581,6802587648,1704242,2945
bbo_slim,theta_bbo_ticks,log_price_above_5,1.0139273335427779,0.8279682733794202,1.0239307421986208,0.8165952785653825,706.0616686297581,6802587648,1704242,2945
bbo_slim,theta_bbo_ticks,log_specific_risk,0.19985134404143287,0.08601789853964817,-1.1255485313394427,0.4304094073133432,706.0616686297581,6802587648,1704242,2945
bbo_slim,theta_bbo_ticks,rq_daily_standard_deviation,0.093282591848762,0.09764668709475195,0.6841402683262126,1.0467835976627387,706.0616686297581,6802587648,1704242,2945
bbo_slim,theta_bbo_ticks,rq_one_month_share_turnover,-0.04894244556734808,-0.04725088210177889,1.1029324851868594,0.9654377004262796,706.0616686297581,6802587648,1704242,2945
bbo_slim,theta_bbo_ticks,intercept,0.42716159429414646,1.0116895961365726,0.0,1.0,706.0616686297581,6802587648,1704242,2945
